{"Value":{"rmse":466.1067914946,"mae":367.1180073326,"mape":26.7907666306,"aic":148.9293334451,"bic":184.6131261234}}